{"cameraMode":{"drawMode":0,"name":"Shaded","section":"Shading Mode"},"sceneLighting":true,"audioPlay":false,"sceneViewState":{"showFog":true,"showMaterialUpdate":true,"showSkybox":true,"showFlares":true,"showImageEffects":true,"showParticleSystems":true},"in2DMode":false,"pivot":{"x":2.2144665718078615,"y":-5.2601165771484379,"z":10.103734970092774},"rotation":{"x":0.1853422075510025,"y":-0.009717530570924282,"z":0.002800354501232505,"w":0.9833843111991882},"size":14.844874382019043,"orthographic":false}