{"cameraMode":{"drawMode":0,"name":"Shaded","section":"Shading Mode"},"sceneLighting":false,"audioPlay":false,"sceneViewState":{"showFog":true,"showMaterialUpdate":true,"showSkybox":false,"showFlares":true,"showImageEffects":true,"showParticleSystems":true},"in2DMode":false,"pivot":{"x":-1.062000036239624,"y":0.5677604079246521,"z":-1.6319999694824219},"rotation":{"x":0.20057982206344605,"y":-0.724847137928009,"z":0.23653705418109895,"w":0.6152714490890503},"size":2.0296761989593508,"orthographic":false}