{"cameraMode":{"drawMode":0,"name":"Shaded","section":"Shading Mode"},"sceneLighting":false,"audioPlay":false,"sceneViewState":{"showFog":true,"showMaterialUpdate":true,"showSkybox":false,"showFlares":true,"showImageEffects":true,"showParticleSystems":true},"in2DMode":false,"pivot":{"x":-16.739849090576173,"y":-7.3284912109375,"z":-7.9605326652526859},"rotation":{"x":-0.22468164563179017,"y":0.6720794439315796,"z":-0.22598159313201905,"w":-0.6684696674346924},"size":2.8578848838806154,"orthographic":false}