{"cameraMode":{"drawMode":0,"name":"Shaded","section":"Shading Mode"},"sceneLighting":true,"audioPlay":false,"sceneViewState":{"showFog":true,"showMaterialUpdate":true,"showSkybox":true,"showFlares":true,"showImageEffects":true,"showParticleSystems":true},"in2DMode":false,"pivot":{"x":-7.452369689941406,"y":4.483465671539307,"z":-8.37857723236084},"rotation":{"x":0.06164298951625824,"y":-0.7046279907226563,"z":0.06167600676417351,"w":0.7042132616043091},"size":27.862796783447267,"orthographic":false}