{"cameraMode":{"drawMode":0,"name":"Shaded","section":"Shading Mode"},"sceneLighting":false,"audioPlay":false,"sceneViewState":{"showFog":true,"showMaterialUpdate":true,"showSkybox":false,"showFlares":true,"showImageEffects":true,"showParticleSystems":true},"in2DMode":false,"pivot":{"x":-0.025473445653915407,"y":0.5930681228637695,"z":1.6707364320755005},"rotation":{"x":-0.20219112932682038,"y":0.6673199534416199,"z":-0.19583211839199067,"w":-0.6896737813949585},"size":1.6239235401153565,"orthographic":false}